"","x","y","cell","Alder","Ash","Bald cypress","Basswood","Beech","Birch","Black gum","Black gum/sweet gum","Buckeye","Cherry","Chestnut","Dogwood","Elm","Hackberry","Hickory","Ironwood","Locust","Maple","Mulberry","No tree","Oak","Other hardwood","Poplar","Poplar/tulip poplar","Sweet gum","Sycamore","Tamarack","Tulip poplar","Unknown tree","Walnut","Willow"
"1",309000,406000,40304,0,4,0,3,1,1,0,0,0,4,0,0,14,0,29,0,0,2,0,39,96,0,0,0,0,0,0,0,0,2,0
"2",309000,430000,39416,0,1,0,6,0,1,0,0,1,2,0,0,17,5,25,0,2,6,0,45,85,0,1,0,0,1,0,0,0,5,0
"3",317000,382000,41193,0,6,0,2,0,2,0,0,2,0,0,0,15,5,8,0,0,10,1,104,34,0,0,0,0,4,0,0,1,2,2
"4",341000,398000,40604,0,1,0,3,0,0,0,0,0,0,0,0,11,0,30,1,0,3,0,4,145,2,3,0,0,4,0,0,1,0,0
"5",341000,430000,39420,0,0,0,0,0,0,0,0,0,0,0,0,0,0,10,0,0,0,0,158,38,0,0,0,0,0,0,0,0,0,0
"6",349000,374000,41493,0,0,0,0,0,1,0,0,0,0,0,0,1,0,41,0,1,0,0,50,79,0,0,0,0,0,0,0,1,0,0
"7",357000,350000,42382,0,2,0,0,0,0,0,0,0,0,0,0,5,0,12,0,0,0,0,35,120,0,0,0,0,0,0,0,1,2,0
"8",357000,398000,40606,0,0,0,0,0,0,0,0,1,0,0,0,8,1,24,1,0,3,0,11,151,2,0,0,0,0,0,0,0,1,0
"9",357000,454000,38534,0,0,0,2,0,0,0,0,2,0,0,0,3,1,18,0,1,3,0,70,95,0,0,0,0,0,0,0,0,1,0
"10",357000,478000,37646,0,2,0,0,0,0,0,0,0,0,0,0,7,0,5,0,0,3,2,138,29,0,0,0,0,0,0,0,0,2,0
"11",357000,494000,37054,0,0,0,1,0,0,0,0,1,2,0,0,2,1,9,0,0,1,0,171,17,0,0,0,0,0,0,0,0,0,0
"12",357000,518000,36166,0,0,0,0,0,0,0,0,0,0,0,0,0,0,0,0,0,0,0,24,0,0,0,0,0,0,0,0,0,0,0
"13",365000,430000,39423,0,0,0,7,0,1,0,0,0,1,0,0,8,5,24,0,0,6,0,22,112,0,0,0,0,3,0,0,0,3,0
"14",365000,550000,34983,0,0,0,0,0,0,0,0,0,0,0,0,2,0,4,0,0,0,0,184,21,0,0,0,0,0,0,0,0,0,1
"15",373000,446000,38832,0,0,0,2,0,0,0,0,0,1,0,0,3,0,12,0,2,1,0,138,55,0,0,0,0,0,0,0,0,4,0
"16",373000,486000,37352,0,0,0,0,0,0,0,0,0,0,0,0,1,0,5,0,0,1,0,162,15,0,0,0,0,0,0,0,0,0,0
"17",373000,518000,36168,0,0,0,1,0,0,0,0,0,0,0,0,0,0,20,0,1,1,0,177,17,0,0,0,0,0,0,0,0,0,0
"18",373000,526000,35872,0,0,0,0,0,0,0,0,0,0,0,0,0,0,1,0,0,0,0,17,3,0,0,0,0,0,0,0,0,0,0
"19",381000,350000,42385,0,1,0,0,0,0,0,0,0,0,0,0,5,1,45,0,0,0,0,78,62,1,0,0,0,0,0,0,0,1,0
"20",381000,374000,41497,0,3,0,1,0,0,0,0,0,3,0,0,23,6,16,0,3,0,1,60,74,2,0,0,0,0,0,0,0,4,0
"21",381000,462000,38241,0,0,0,0,0,0,0,0,0,0,0,0,0,0,0,0,0,0,0,199,4,0,0,0,0,0,0,0,0,0,0
"22",381000,542000,35281,0,0,0,0,0,0,0,0,0,0,0,0,0,0,6,0,0,0,0,117,48,0,0,0,0,0,0,0,2,0,0
"23",389000,390000,40906,0,0,0,3,0,0,0,0,0,1,0,0,4,0,19,0,0,0,0,82,80,1,0,0,0,0,0,0,0,2,0
"24",389000,430000,39426,0,0,0,5,0,0,0,0,0,0,0,0,8,1,20,3,0,5,1,1,161,1,0,0,0,0,0,0,0,3,0
"25",397000,334000,42979,0,1,0,1,0,0,0,0,0,1,0,0,3,0,35,0,0,0,0,76,71,0,1,0,0,0,0,0,0,5,0
"26",397000,358000,42091,0,1,0,0,0,0,0,0,0,0,0,0,0,0,6,0,0,0,0,101,39,0,1,0,0,0,0,0,0,1,0
"27",397000,406000,40315,0,1,0,1,0,0,0,0,0,0,0,0,2,0,17,0,0,0,0,122,37,0,0,0,0,0,0,0,0,2,0
"28",397000,494000,37059,0,0,0,0,0,0,0,0,0,0,0,0,2,0,4,0,0,0,0,182,19,0,0,0,0,0,0,0,0,1,0
"29",397000,510000,36467,0,0,0,0,0,0,0,0,0,0,0,0,2,0,5,1,0,0,0,203,6,0,0,0,0,0,0,0,0,0,0
"30",397000,534000,35579,0,0,0,0,0,0,0,0,0,0,0,0,0,0,0,0,0,0,0,10,0,0,0,0,0,0,0,0,0,0,0
"31",397000,558000,34691,0,0,0,0,0,0,0,0,0,0,0,0,0,0,3,0,0,0,0,167,11,0,0,0,0,0,0,0,0,0,0
"32",405000,206000,47716,0,1,0,0,0,0,0,0,0,1,0,0,2,0,15,0,0,2,0,74,84,0,0,0,0,0,0,0,3,4,0
"33",405000,294000,44460,0,0,0,0,0,0,0,0,0,1,0,0,9,1,28,0,0,1,0,27,124,0,0,0,0,0,0,0,0,0,0
"34",405000,310000,43868,0,0,0,0,0,0,0,0,0,0,0,0,0,0,0,0,0,0,0,18,6,0,0,0,0,0,0,0,0,0,0
"35",405000,454000,38540,0,2,0,1,0,0,0,0,2,1,0,0,1,3,22,0,0,4,0,57,90,1,2,0,0,2,0,0,0,0,1
"36",405000,470000,37948,0,0,0,0,0,0,0,0,0,1,0,0,0,0,20,1,0,3,0,63,92,0,0,0,0,0,0,0,1,2,0
"37",405000,550000,34988,0,0,0,0,0,0,0,0,0,0,0,0,1,0,3,0,0,0,0,194,8,0,0,0,0,0,0,0,0,0,0
"38",413000,270000,45349,0,6,0,1,0,0,0,0,0,0,0,0,14,1,28,0,0,1,3,60,64,1,1,0,0,0,0,0,1,5,0
"39",413000,310000,43869,0,0,0,0,0,0,0,0,0,0,0,0,0,0,6,0,0,0,0,180,25,0,0,0,0,1,0,0,0,0,0
"40",413000,374000,41501,0,2,0,3,0,0,0,0,0,0,0,0,13,0,7,0,1,2,1,160,25,2,0,0,0,0,0,0,0,0,0
"41",413000,398000,40613,0,0,0,1,0,0,0,0,0,0,0,0,1,1,7,0,0,0,0,189,10,0,0,0,0,0,0,0,0,0,0
"42",413000,414000,40021,0,1,0,0,0,0,0,0,0,0,0,0,3,2,9,0,1,1,2,117,50,4,0,0,0,1,0,0,0,2,2
"43",413000,526000,35877,0,0,0,0,0,0,0,0,0,0,0,0,0,0,0,0,0,0,0,225,0,0,0,0,0,0,0,0,0,0,0
"44",413000,542000,35285,0,0,0,0,0,0,0,0,0,0,0,0,0,0,0,0,0,0,0,10,0,0,0,0,0,0,0,0,0,0,0
"45",413000,566000,34397,0,0,0,0,0,1,0,0,0,0,0,0,2,0,8,0,0,1,0,167,22,0,0,0,0,0,0,0,0,0,0
"46",421000,230000,46830,0,3,0,0,0,0,0,0,0,0,0,0,9,0,13,0,0,0,0,51,98,1,0,0,0,0,0,0,0,0,0
"47",421000,246000,46238,0,0,0,0,0,0,0,0,0,0,0,0,1,0,2,0,0,0,0,7,7,0,0,0,0,0,0,0,0,0,0
"48",421000,286000,44758,0,2,0,0,0,0,0,0,0,0,0,0,6,0,18,0,1,1,0,79,72,0,0,0,0,4,0,0,0,6,0
"49",421000,318000,43574,0,0,0,0,0,0,0,0,0,0,0,0,0,0,2,0,0,0,0,11,4,0,0,0,0,0,0,0,0,0,0
"50",421000,470000,37950,0,0,0,0,0,0,0,0,0,2,0,0,6,0,10,0,0,3,0,145,32,0,0,1,0,0,0,0,0,8,0
"51",421000,678000,30254,0,0,0,2,0,0,0,0,0,0,0,0,3,0,1,0,0,0,0,12,173,1,1,0,0,0,0,0,0,1,0
"52",429000,182000,48607,0,0,0,0,0,0,0,0,0,0,0,0,2,0,29,0,0,0,0,21,123,1,0,0,0,1,0,0,0,4,0
"53",429000,206000,47719,0,1,0,0,0,0,0,0,0,0,0,0,2,0,8,0,0,0,0,107,65,0,0,0,0,0,0,0,0,0,0
"54",429000,254000,45943,0,0,0,0,0,0,0,0,0,0,0,0,4,0,11,0,1,0,0,171,17,1,0,0,0,0,0,0,0,2,0
"55",429000,358000,42095,0,0,0,0,0,0,0,0,0,0,0,0,0,0,0,0,0,0,0,218,0,0,0,0,0,0,0,0,0,0,0
"56",429000,438000,39135,0,2,0,0,0,0,0,0,0,0,0,0,0,0,2,0,0,0,0,155,42,0,0,0,0,0,0,0,0,0,0
"57",429000,502000,36767,0,0,0,0,0,0,0,0,0,0,0,0,1,0,6,0,0,0,0,170,31,0,0,0,0,0,0,0,0,0,0
"58",429000,534000,35583,0,0,0,0,0,0,0,0,0,0,0,0,0,0,2,0,0,0,0,195,8,0,0,0,0,3,0,0,0,1,0
"59",429000,558000,34695,0,0,0,1,0,0,0,0,0,0,0,0,0,0,0,0,0,0,0,199,13,0,0,0,0,0,0,0,0,0,0
"60",429000,654000,31143,0,0,0,0,0,0,0,0,0,0,0,0,0,0,6,0,0,0,0,45,125,0,1,0,0,0,0,0,0,0,0
"61",437000,214000,47424,0,0,0,0,0,0,0,0,0,0,0,0,2,0,2,0,0,0,0,90,104,0,0,0,0,0,0,0,0,0,0
"62",437000,382000,41208,0,0,0,0,0,0,0,0,0,2,0,0,7,1,22,0,0,0,1,115,62,1,0,0,0,0,0,0,1,1,0
"63",437000,526000,35880,0,0,0,0,0,0,0,0,0,1,0,0,1,0,1,0,0,0,0,200,7,0,0,0,0,0,0,0,0,2,0
"64",437000,582000,33808,0,7,0,0,0,0,0,0,0,0,0,0,2,3,3,0,1,6,1,164,15,2,0,0,0,2,0,0,0,4,0
"65",437000,606000,32920,0,0,0,0,0,0,0,0,0,0,0,0,0,0,5,0,0,0,0,155,34,0,1,0,0,0,0,0,0,0,0
"66",437000,662000,30848,0,0,0,0,0,0,0,0,0,0,0,0,0,0,0,0,0,0,0,19,2,0,0,0,0,0,0,0,0,0,0
"67",445000,278000,45057,0,0,0,0,0,0,0,0,0,1,0,0,1,0,2,0,0,0,0,214,3,0,1,0,0,0,0,0,0,0,0
"68",445000,310000,43873,0,0,0,0,0,0,0,0,0,0,0,0,4,0,6,0,0,2,0,130,62,0,3,0,0,0,0,0,0,3,0
"69",445000,334000,42985,0,0,0,0,0,0,0,0,0,0,0,0,0,0,0,0,0,0,0,207,8,0,0,0,0,0,0,0,0,0,0
"70",445000,446000,38841,0,0,0,0,0,0,0,0,0,0,0,0,0,0,0,0,0,0,0,206,2,0,0,0,0,0,0,0,0,0,0
"71",445000,486000,37361,0,0,0,0,0,0,0,0,0,0,0,0,0,0,19,0,0,0,0,137,32,0,0,0,0,0,0,0,0,0,1
"72",445000,582000,33809,0,0,0,0,0,0,0,0,0,0,0,0,0,0,0,0,0,0,0,24,0,0,0,0,0,0,0,0,0,0,0
"73",445000,630000,32033,0,0,0,0,0,0,0,0,0,0,0,0,0,0,1,0,0,0,0,156,56,1,0,0,0,0,0,0,0,0,0
"74",453000,158000,49498,0,11,0,0,0,0,0,10,0,1,0,8,7,0,23,2,0,2,1,2,135,0,0,2,0,3,0,0,2,1,0
"75",453000,238000,46538,0,7,0,0,0,0,0,0,0,0,0,0,12,0,24,0,0,4,0,90,50,1,0,0,0,3,0,0,2,1,0
"76",453000,262000,45650,0,2,0,0,0,0,0,0,0,0,0,0,5,0,10,0,1,2,0,161,26,0,0,0,0,0,0,0,0,0,0
"77",453000,286000,44762,0,4,0,0,0,0,0,0,0,0,0,0,12,1,15,0,0,2,0,66,90,0,0,0,0,0,0,0,0,2,0
"78",453000,310000,43874,0,0,0,0,0,0,0,0,0,0,0,0,0,0,0,0,0,0,0,17,4,0,0,0,0,0,0,0,0,0,0
"79",453000,374000,41506,0,0,0,0,0,0,0,0,1,0,0,0,16,2,20,0,0,0,2,140,42,0,0,0,0,1,0,0,0,2,0
"80",453000,454000,38546,0,1,0,0,0,0,0,0,1,0,0,0,2,2,4,0,0,0,1,186,7,0,0,0,0,2,0,0,0,4,0
"81",453000,510000,36474,0,0,0,0,0,0,0,0,0,0,0,0,0,0,5,0,0,0,0,209,1,0,0,0,0,0,0,0,0,0,0
"82",453000,558000,34698,0,0,0,0,0,0,0,0,0,0,0,0,0,0,1,0,0,0,0,179,23,0,0,0,0,0,0,0,0,0,0
"83",453000,582000,33810,0,0,0,0,0,0,0,0,0,0,0,0,0,0,0,0,0,0,0,175,0,0,0,0,0,0,0,0,0,0,0
"84",453000,662000,30850,0,0,0,1,0,0,0,0,0,0,0,0,0,0,2,0,0,0,0,131,75,0,2,0,0,0,0,0,0,0,0
"85",453000,670000,30554,0,0,0,0,0,0,0,0,0,0,0,0,0,0,0,0,0,0,0,7,12,0,0,0,0,0,0,0,0,0,0
"86",461000,102000,51571,0,5,0,0,23,0,0,12,0,0,0,3,5,0,15,1,0,10,0,37,75,2,0,5,0,0,0,0,2,2,0
"87",461000,134000,50387,0,0,0,0,0,0,0,3,0,0,0,2,0,0,1,0,0,0,0,0,14,0,0,2,0,0,0,0,0,0,0
"88",461000,142000,50091,0,15,0,0,1,0,0,5,0,0,0,6,16,0,22,1,0,12,4,0,111,2,0,4,0,0,0,0,0,3,0
"89",461000,158000,49499,0,11,0,0,0,0,0,17,0,0,0,1,8,0,16,1,1,3,0,10,111,1,0,1,0,1,0,0,0,2,0
"90",461000,222000,47131,0,0,0,0,0,0,0,0,0,0,0,0,0,0,1,0,0,0,0,184,24,0,0,0,0,0,0,0,3,0,0
"91",461000,270000,45355,0,2,0,0,0,0,0,0,0,0,0,0,7,2,0,0,0,1,0,166,24,0,0,0,0,1,0,0,0,1,0
"92",461000,302000,44171,0,0,0,0,0,0,0,0,0,0,0,0,3,0,5,0,0,0,1,176,26,0,0,0,0,0,0,0,0,1,0
"93",461000,390000,40915,0,0,0,1,0,0,0,0,0,1,0,0,7,3,10,0,0,1,2,162,26,0,0,0,0,0,0,0,0,0,1
"94",461000,430000,39435,0,0,0,0,0,0,0,0,0,0,0,0,2,0,0,0,0,0,0,215,0,0,0,0,0,0,0,0,0,0,0
"95",461000,534000,35587,0,0,0,0,0,0,0,0,0,1,0,0,1,0,3,0,0,0,0,185,25,0,0,0,0,0,0,0,0,0,0
"96",469000,134000,50388,0,4,0,0,0,0,15,0,0,1,0,14,5,0,19,1,0,1,3,0,150,0,0,6,0,0,0,0,0,5,0
"97",469000,142000,50092,0,0,0,0,0,0,0,0,0,0,0,1,1,0,2,0,0,0,0,0,18,0,0,0,0,0,0,0,0,0,0
"98",469000,158000,49500,0,9,0,0,0,0,0,5,0,0,0,6,13,0,22,0,1,7,1,7,102,3,0,0,1,0,0,0,0,0,2
"99",469000,254000,45948,0,0,0,0,0,0,0,0,0,0,0,0,0,0,1,0,0,0,0,0,1,0,0,0,0,0,0,0,0,0,0
"100",469000,278000,45060,0,0,0,2,0,0,0,0,0,0,0,0,6,1,3,0,0,0,1,162,33,1,0,0,0,0,0,0,0,1,0
"101",469000,318000,43580,0,0,0,0,0,0,0,0,0,0,0,0,0,0,0,0,0,0,0,15,2,0,0,0,0,0,0,0,0,0,0
"102",469000,326000,43284,0,0,0,0,0,0,0,0,0,0,0,0,0,0,2,0,0,0,0,205,2,0,0,0,0,0,0,0,0,0,0
"103",469000,462000,38252,0,0,0,0,0,0,0,0,0,0,0,0,0,0,0,0,0,0,0,22,2,0,0,0,0,0,0,0,0,0,0
"104",469000,550000,34996,0,0,0,1,0,0,0,0,1,0,0,0,4,0,3,0,0,2,0,159,23,0,2,0,0,0,0,0,0,2,0
"105",469000,574000,34108,0,0,0,0,0,0,0,0,0,0,0,0,1,0,1,0,0,0,0,206,8,0,0,0,0,0,0,0,0,0,0
"106",469000,614000,32628,0,0,0,0,0,0,0,0,0,0,0,0,0,0,1,0,0,0,0,168,21,0,0,0,0,0,0,0,0,0,0
"107",469000,662000,30852,0,0,0,0,0,0,0,0,0,1,0,0,0,0,0,0,0,0,0,7,13,0,0,0,0,0,0,0,0,0,0
"108",477000,102000,51573,0,17,2,0,0,4,5,25,0,0,0,7,24,0,13,0,0,13,0,18,34,2,0,7,1,0,0,0,2,0,0
"109",477000,206000,47725,0,0,0,0,0,0,0,0,0,0,0,0,1,0,17,0,0,0,0,61,136,0,0,0,0,4,0,0,0,0,0
"110",477000,246000,46245,0,0,0,0,0,0,0,0,0,0,0,0,1,0,0,0,0,0,0,212,2,1,0,0,0,0,0,0,0,0,0
"111",477000,254000,45949,0,0,0,0,0,0,0,0,0,0,0,0,0,0,0,0,0,0,0,1,0,0,0,0,0,0,0,0,0,0,0
"112",477000,342000,42693,0,0,0,0,0,0,0,0,0,0,0,0,15,1,6,0,2,0,0,143,37,0,0,0,0,3,0,0,0,2,0
"113",477000,366000,41805,0,0,0,0,0,0,0,0,0,0,0,0,0,0,0,0,0,0,0,212,0,0,0,0,0,0,0,0,0,0,0
"114",477000,462000,38253,0,0,0,0,0,0,0,0,0,0,0,0,1,0,11,0,0,1,0,143,46,0,0,0,0,0,0,0,0,1,0
"115",477000,470000,37957,0,0,0,0,0,0,0,0,0,0,0,0,0,0,0,0,0,0,0,20,2,0,0,0,0,0,0,0,0,0,0
"116",477000,526000,35885,0,2,0,0,0,0,0,0,0,0,0,0,1,0,3,0,0,0,0,171,28,0,0,0,0,1,0,0,2,1,0
"117",477000,662000,30853,0,0,0,1,0,0,0,0,0,0,0,0,2,0,3,0,0,2,0,96,97,1,0,0,0,0,0,0,0,2,0
"118",477000,670000,30557,0,0,0,0,0,0,0,0,0,0,0,0,0,0,0,0,0,0,0,21,0,0,0,0,0,0,0,0,0,0,0
"119",485000,158000,49502,0,9,0,0,0,0,0,1,0,2,0,2,6,0,21,0,0,1,0,6,89,1,0,0,0,2,0,0,1,1,0
"120",485000,230000,46838,0,4,0,0,0,0,0,0,0,0,0,0,4,0,9,0,0,1,0,78,106,0,0,0,0,0,0,0,0,0,0
"121",485000,262000,45654,0,14,0,0,0,0,0,0,0,0,0,0,16,0,37,0,0,8,0,63,73,2,0,0,0,2,0,0,0,0,0
"122",485000,278000,45062,0,3,0,0,0,0,0,0,0,0,0,0,1,0,4,0,0,6,0,0,7,0,0,0,0,1,0,0,0,0,0
"123",485000,302000,44174,0,0,0,2,0,0,0,0,1,0,0,0,7,0,25,0,1,3,1,104,63,0,0,0,0,2,0,0,2,1,0
"124",485000,326000,43286,0,0,0,0,0,0,0,0,0,0,0,0,2,1,11,0,1,0,0,162,35,0,0,0,0,1,0,0,2,1,0
"125",485000,414000,40030,0,0,0,0,0,0,0,0,2,0,0,0,3,3,3,0,0,0,1,181,15,0,0,0,0,0,0,0,0,1,0
"126",485000,438000,39142,0,1,0,1,0,0,0,0,0,0,0,0,2,0,5,0,1,3,1,160,24,0,0,0,0,0,0,0,1,3,0
"127",485000,510000,36478,0,0,0,0,0,0,0,0,0,0,0,0,2,0,5,0,0,1,0,102,90,0,0,0,0,0,0,0,0,0,0
"128",485000,598000,33222,0,0,0,0,0,0,0,0,0,0,0,0,0,0,1,0,0,0,0,210,5,0,0,0,0,0,0,0,0,0,0
"129",485000,630000,32038,0,0,0,0,0,0,0,0,0,0,0,0,0,0,2,0,0,0,0,105,106,0,0,0,0,0,0,0,0,0,0
"130",493000,142000,50095,0,4,0,0,0,0,0,13,0,2,0,18,10,0,27,0,0,3,3,4,99,2,0,1,0,0,0,0,1,3,0
"131",493000,190000,48319,0,7,0,0,0,0,0,1,0,0,0,0,5,0,41,0,0,9,2,32,114,2,0,0,0,0,0,0,5,0,0
"132",493000,206000,47727,0,3,0,0,0,0,0,0,0,1,0,0,13,0,28,0,1,0,0,50,100,0,0,0,0,0,0,0,0,0,0
"133",493000,278000,45063,0,4,0,0,0,0,0,0,0,0,0,0,18,2,21,0,0,0,0,104,57,0,0,0,0,2,0,0,0,0,0
"134",493000,478000,37663,0,1,0,0,0,0,0,0,0,1,0,0,1,0,9,0,0,1,0,152,37,1,0,0,0,0,0,0,0,1,0
"135",493000,558000,34703,0,0,0,0,0,0,0,0,0,0,0,0,0,0,0,0,0,0,0,209,4,0,0,0,0,0,0,0,0,0,0
"136",493000,582000,33815,0,0,0,0,0,0,0,0,0,0,0,0,0,0,1,0,0,0,0,169,19,0,0,0,0,0,0,0,0,0,0
"137",501000,118000,50984,0,20,0,0,1,0,14,3,0,0,0,31,6,2,6,0,1,17,3,2,83,1,0,3,0,1,0,0,0,0,0
"138",501000,158000,49504,0,0,0,0,0,1,3,0,0,0,0,1,4,0,9,0,3,3,1,0,184,3,0,0,0,0,0,0,0,0,0
"139",501000,262000,45656,0,6,0,0,0,0,0,0,0,4,0,0,3,0,17,0,0,0,0,79,95,1,0,0,0,0,0,0,0,0,0
"140",501000,294000,44472,0,0,0,0,0,0,0,0,0,0,0,0,11,0,11,0,2,2,0,140,39,0,0,0,0,1,0,0,1,5,0
"141",501000,358000,42104,0,3,0,0,0,0,0,0,0,0,0,0,3,0,16,0,0,1,0,172,19,0,0,0,0,0,0,0,0,0,0
"142",501000,406000,40328,0,0,0,2,0,0,0,0,0,0,0,0,6,0,8,0,0,0,1,139,31,0,0,0,0,0,0,0,2,2,0
"143",501000,438000,39144,0,2,0,1,0,0,0,0,0,0,0,0,0,0,1,0,0,3,0,194,2,0,0,0,0,0,0,0,0,0,1
"144",501000,462000,38256,0,0,0,0,0,0,0,0,0,0,0,0,4,1,0,0,0,4,0,192,7,0,0,0,0,0,0,0,0,0,0
"145",501000,526000,35888,0,3,0,0,0,0,0,0,0,0,0,0,3,0,2,0,1,8,0,159,36,0,0,0,0,0,0,0,0,3,0
"146",501000,606000,32928,0,1,0,1,0,0,0,0,0,0,0,0,1,0,0,0,0,0,0,186,3,0,0,0,0,0,0,0,0,0,0
"147",501000,670000,30560,0,4,0,2,0,0,0,0,0,0,0,0,1,0,2,0,0,0,0,106,82,0,5,0,0,0,0,0,0,0,0
"148",509000,102000,51577,0,11,5,0,0,0,3,25,0,0,0,7,22,0,16,0,0,19,5,11,56,2,0,4,6,0,0,0,1,4,0
"149",509000,166000,49209,0,2,0,0,0,0,2,0,0,3,0,0,6,0,7,0,1,0,0,3,176,2,0,0,0,0,0,0,0,1,0
"150",509000,246000,46249,0,2,0,0,0,0,0,0,0,0,0,0,0,0,12,0,0,1,0,132,57,0,0,0,0,0,0,0,0,0,0
"151",509000,334000,42993,0,0,0,0,0,0,0,0,0,0,0,0,3,1,4,0,1,0,0,167,30,0,2,0,0,0,0,0,0,1,0
"152",509000,382000,41217,0,1,0,1,0,0,0,0,2,2,0,0,13,2,12,0,0,2,0,61,89,0,0,0,0,1,0,0,1,2,0
"153",509000,494000,37073,0,0,0,0,0,0,0,0,0,0,0,0,0,0,0,0,0,0,0,213,0,0,0,0,0,0,0,0,0,0,0
"154",509000,566000,34409,0,1,0,1,0,0,0,0,0,0,0,0,0,0,0,0,0,1,0,17,3,0,0,0,0,0,0,0,0,0,0
"155",517000,126000,50690,0,2,0,0,0,0,14,3,0,0,0,23,6,0,12,1,0,8,3,0,114,0,0,2,0,1,0,0,2,5,0
"156",517000,222000,47138,0,9,0,0,0,1,0,0,0,0,0,0,2,0,14,0,0,1,0,19,161,0,0,0,0,1,0,0,1,0,0
"157",517000,270000,45362,0,2,0,0,0,0,0,0,0,0,0,0,1,1,2,0,0,0,0,188,20,0,0,0,0,0,0,0,0,0,0
"158",517000,318000,43586,0,4,0,0,0,0,0,0,0,0,0,0,28,5,8,0,3,0,0,110,46,0,0,0,0,0,0,0,1,5,0
"159",517000,350000,42402,0,0,0,0,0,0,0,0,0,0,0,0,3,0,0,0,0,0,0,205,5,0,0,0,0,0,0,0,0,0,0
"160",517000,518000,36186,0,0,0,0,0,0,0,0,0,0,0,0,0,0,0,0,0,0,0,214,0,0,0,0,0,0,0,0,0,0,0
"161",517000,566000,34410,0,0,0,0,0,0,0,0,0,0,0,0,0,0,0,0,0,0,0,223,0,0,0,0,0,0,0,0,0,0,0
"162",517000,574000,34114,0,0,0,0,0,0,0,0,0,0,0,0,0,0,0,0,0,0,0,24,0,0,0,0,0,0,0,0,0,0,0
"163",517000,622000,32338,0,0,0,0,0,0,0,0,0,0,0,0,0,0,0,0,0,0,0,210,6,0,0,0,0,0,0,0,0,0,0
"164",517000,646000,31450,0,1,0,0,0,0,0,0,0,0,0,0,3,0,2,0,0,0,0,155,46,0,0,0,0,0,0,0,0,0,0
"165",525000,110000,51283,0,7,0,0,0,0,3,2,0,0,0,28,12,0,23,0,1,0,1,3,96,0,0,3,1,0,0,0,0,1,0
"166",525000,198000,48027,0,5,0,0,0,0,0,0,0,0,0,1,3,0,32,0,0,0,0,15,131,1,0,0,0,1,0,0,1,1,0
"167",525000,214000,47435,0,1,0,0,0,1,0,2,0,0,0,0,8,0,23,0,1,3,0,29,148,0,0,0,0,0,0,0,0,0,1
"168",525000,230000,46843,0,0,0,0,0,0,1,2,0,0,0,0,8,0,20,0,0,1,1,7,162,1,0,0,3,0,0,0,1,0,0
"169",525000,358000,42107,0,0,0,0,0,0,0,0,0,0,0,0,0,0,1,0,0,0,0,14,2,0,0,0,0,2,0,0,0,1,0
"170",525000,422000,39739,0,0,0,0,0,0,0,0,0,0,0,0,0,0,11,0,0,0,0,116,73,0,0,0,0,0,0,0,0,0,0
"171",525000,438000,39147,0,0,0,0,0,0,0,0,0,0,0,0,1,0,0,0,0,0,0,206,8,0,0,0,0,0,0,0,0,1,0
"172",525000,478000,37667,0,0,0,0,0,0,0,0,0,0,0,0,0,0,3,0,0,0,0,186,3,0,0,0,0,0,0,0,0,0,0
"173",525000,542000,35299,0,3,0,1,0,0,0,0,0,0,0,0,0,0,2,0,0,0,0,157,25,0,0,0,0,0,0,0,0,1,0
"174",525000,590000,33523,0,0,0,0,0,0,0,0,0,0,0,0,0,0,0,0,0,0,0,186,6,0,0,0,0,0,0,0,0,0,0
"175",525000,662000,30859,0,0,0,0,0,0,0,0,0,0,0,0,1,0,0,0,0,0,0,145,61,0,0,0,0,0,0,0,0,0,0
"176",533000,142000,50100,0,13,0,0,0,0,0,11,0,0,0,4,24,4,15,0,3,7,3,18,49,6,0,0,4,0,0,0,9,0,0
"177",533000,294000,44476,0,0,0,0,0,0,0,0,0,0,0,0,13,5,14,0,3,7,6,35,120,0,1,0,0,4,0,0,0,1,0
"178",533000,318000,43588,0,0,0,0,0,0,0,0,0,1,0,0,0,0,5,0,2,0,0,200,6,0,0,0,0,0,0,0,0,0,0
"179",533000,358000,42108,0,1,0,0,0,0,0,0,0,0,0,0,9,0,10,0,0,0,0,170,18,1,0,0,0,0,0,0,0,5,0
"180",533000,366000,41812,0,0,0,0,0,0,0,0,0,0,0,0,2,0,0,0,1,0,0,17,1,0,0,0,0,0,0,0,0,0,0
"181",533000,390000,40924,0,0,0,0,0,0,0,0,0,0,0,0,2,4,10,0,0,0,0,165,26,0,0,0,0,0,0,0,0,0,0
"182",533000,494000,37076,0,0,0,0,0,0,0,0,0,0,0,0,4,0,1,0,0,0,0,194,17,0,0,0,0,0,0,0,0,2,0
"183",533000,622000,32340,0,0,0,0,0,0,0,0,0,0,0,0,0,0,0,0,0,0,0,212,2,0,0,0,0,0,0,0,0,0,0
"184",541000,126000,50693,0,0,0,0,0,1,4,1,0,0,0,4,3,0,25,0,0,6,1,0,169,0,0,3,0,0,0,0,0,1,0
"185",541000,174000,48917,0,10,0,0,0,0,2,1,0,0,0,0,17,0,35,0,0,12,1,8,92,5,0,0,5,0,0,0,0,0,0
"186",541000,262000,45661,0,2,0,0,0,1,0,0,0,0,0,0,6,2,14,0,0,7,0,87,78,0,1,0,0,1,0,0,0,0,0
"187",541000,454000,38557,0,0,0,0,0,0,0,0,0,0,0,0,0,0,0,0,0,0,0,217,0,0,0,0,0,0,0,0,0,0,0
"188",541000,526000,35893,0,1,0,0,0,0,0,0,0,0,0,0,1,0,0,0,0,0,0,206,9,0,0,0,0,0,0,0,0,1,0
"189",541000,582000,33821,0,0,0,0,0,0,0,0,0,0,0,0,0,0,0,0,0,0,0,215,0,0,0,0,0,0,0,0,0,0,0
"190",549000,142000,50102,0,9,0,0,0,0,2,14,0,0,0,7,34,2,13,0,2,2,2,7,82,6,0,2,1,0,0,0,2,0,0
"191",549000,174000,48918,0,1,0,0,0,1,4,0,0,6,0,3,18,0,39,0,3,2,0,0,145,1,0,0,0,0,0,0,0,1,0
"192",549000,182000,48622,0,0,0,0,0,0,0,0,0,0,0,1,2,0,9,0,0,0,0,0,8,0,0,0,0,0,0,0,0,0,0
"193",549000,222000,47142,0,0,0,0,0,1,0,1,0,0,0,0,1,0,16,0,1,0,1,101,69,0,0,0,0,0,0,0,0,0,0
"194",549000,238000,46550,0,4,0,0,0,0,0,0,0,0,0,0,12,0,11,0,1,0,0,71,98,0,0,0,0,0,0,0,0,0,0
"195",549000,302000,44182,0,0,0,0,0,0,0,0,0,0,0,0,2,0,2,0,0,0,0,186,16,0,0,0,0,0,0,0,0,0,0
"196",549000,318000,43590,0,1,0,0,0,1,0,0,0,0,0,0,2,0,13,0,0,1,0,153,36,0,1,0,0,0,0,0,0,1,0
"197",549000,374000,41518,0,1,0,0,0,0,0,0,0,0,0,0,1,0,6,0,0,1,0,170,26,0,0,0,0,0,0,0,0,1,0
"198",549000,398000,40630,0,0,0,0,0,0,0,0,0,0,0,0,0,0,0,0,0,0,0,212,0,0,0,0,0,0,0,0,0,0,0
"199",549000,414000,40038,0,0,0,1,0,0,0,0,0,0,0,0,1,0,1,0,0,0,0,203,8,0,0,0,0,0,0,0,0,1,0
"200",549000,422000,39742,0,0,0,0,0,0,0,0,0,0,0,0,0,0,0,0,0,0,0,194,0,0,0,0,0,0,0,0,0,0,0
"201",549000,518000,36190,0,1,0,0,0,0,0,0,0,0,0,0,0,0,2,0,0,0,0,212,3,0,0,0,0,0,0,0,0,0,0
"202",549000,566000,34414,0,1,0,1,0,0,0,0,0,1,0,0,0,0,6,0,0,0,0,158,29,0,0,1,0,0,0,0,0,1,0
"203",549000,598000,33230,0,0,0,0,0,0,0,0,0,0,0,0,0,0,0,0,0,0,0,216,0,0,0,0,0,0,0,0,0,0,0
"204",549000,654000,31158,0,0,0,0,0,0,0,0,0,0,0,0,1,0,0,0,0,1,0,109,85,0,1,0,0,0,0,0,0,0,0
"205",557000,278000,45071,0,4,0,1,0,0,0,0,0,0,0,0,2,0,19,0,0,3,0,58,98,1,1,0,0,3,0,0,3,3,0
"206",557000,334000,42999,0,1,0,0,0,0,0,0,0,0,0,0,1,0,6,0,0,1,0,198,11,0,0,0,0,0,0,0,0,0,0
"207",557000,390000,40927,0,1,0,0,0,0,0,0,0,0,0,0,2,0,5,0,0,0,0,204,9,0,0,0,0,0,0,0,0,3,0
"208",557000,406000,40335,0,0,0,0,0,0,0,0,0,0,0,0,0,0,0,0,0,0,0,216,0,0,0,0,0,0,0,0,0,0,0
"209",557000,478000,37671,0,1,0,1,0,0,0,0,0,0,0,0,3,0,1,0,0,2,0,196,12,0,1,0,0,0,0,0,0,1,0
"210",557000,502000,36783,0,0,0,0,0,0,0,0,0,0,0,0,0,0,0,0,0,0,0,26,0,0,0,0,0,0,0,0,0,0,0
"211",557000,534000,35599,0,0,0,0,0,0,0,0,0,0,0,0,0,0,0,0,0,0,0,214,2,0,0,0,0,0,0,0,0,0,0
"212",557000,582000,33823,0,0,0,1,0,0,0,0,0,1,0,0,3,0,6,0,0,1,0,131,68,0,0,0,0,1,0,0,0,1,0
"213",557000,630000,32047,0,0,0,0,0,0,0,0,0,0,0,0,0,0,0,0,0,0,0,201,10,0,0,0,0,0,0,0,0,0,0
"214",557000,662000,30863,0,0,0,0,0,0,0,0,0,0,0,0,0,0,0,0,0,0,0,92,102,0,0,0,0,0,0,0,0,0,0
"215",565000,222000,47144,0,15,0,0,0,2,0,13,0,0,0,0,14,1,33,1,0,14,1,34,35,1,0,0,0,0,0,0,0,0,0
"216",565000,366000,41816,0,0,0,0,0,0,0,0,0,0,0,0,0,0,0,0,0,0,0,214,0,0,0,0,0,0,0,0,0,0,0
"217",565000,406000,40336,0,0,0,0,0,0,0,0,0,0,0,0,0,0,0,0,0,0,0,2,0,0,0,0,0,0,0,0,0,0,0
"218",565000,502000,36784,0,0,0,0,0,0,0,0,0,0,0,0,0,0,0,0,0,0,0,226,0,0,0,0,0,0,0,0,0,0,0
"219",565000,510000,36488,0,0,0,0,0,0,0,0,0,0,0,0,0,0,0,0,0,0,0,22,0,0,0,0,0,0,0,0,0,0,0
"220",565000,550000,35008,0,2,0,0,0,0,0,0,0,1,0,0,0,0,1,0,0,0,0,209,2,0,0,0,0,0,0,0,0,0,0
"221",573000,182000,48625,0,5,0,0,0,0,0,5,0,0,0,4,10,1,30,0,3,3,2,63,37,1,0,3,0,0,0,0,0,0,0
"222",573000,246000,46257,0,1,0,0,0,1,1,0,0,1,0,0,5,1,31,0,0,1,0,51,91,1,0,0,0,0,0,0,3,1,0
"223",573000,310000,43889,0,4,0,2,0,0,0,0,2,0,0,0,10,0,21,0,0,5,0,39,99,0,1,0,0,0,0,0,2,4,0
"224",573000,326000,43297,0,0,0,0,0,0,0,0,0,0,0,0,0,0,0,0,0,0,0,0,2,0,0,0,0,0,0,0,0,0,0
"225",573000,414000,40041,0,0,0,0,0,0,0,0,0,0,0,0,0,0,0,0,0,0,0,24,0,0,0,0,0,0,0,0,0,0,0
"226",573000,430000,39449,0,0,0,0,0,0,0,0,0,0,0,0,0,1,0,0,0,0,0,202,3,0,0,0,0,0,0,0,0,0,0
"227",573000,454000,38561,0,0,0,0,0,0,0,0,0,0,0,0,0,0,0,0,0,0,0,198,2,0,0,0,0,0,0,0,0,0,0
"228",573000,542000,35305,0,1,0,0,0,0,0,0,0,0,0,0,0,0,1,0,0,0,0,188,6,0,0,0,0,0,0,0,0,0,0
"229",573000,614000,32641,0,0,0,1,0,0,0,0,0,0,0,0,0,0,0,0,0,0,0,152,59,0,0,0,0,0,0,0,0,0,0
"230",573000,630000,32049,0,0,0,0,0,0,0,0,0,0,0,0,0,0,0,0,0,0,0,60,158,0,0,0,0,0,0,0,0,0,0
"231",573000,646000,31457,0,0,0,0,0,0,0,0,0,0,0,0,0,0,0,0,0,0,0,27,188,0,0,0,0,0,0,0,0,0,0
"232",581000,286000,44778,0,1,0,0,0,0,0,0,0,0,0,0,6,1,23,0,1,10,1,70,96,0,0,0,0,1,0,0,0,2,0
"233",581000,334000,43002,0,1,0,2,0,0,0,0,0,1,0,0,5,0,27,0,0,2,0,37,113,0,0,0,0,0,0,0,0,3,0
"234",581000,342000,42706,0,0,0,0,0,0,0,0,0,0,0,0,0,0,2,0,0,0,0,12,8,0,0,0,0,0,0,0,0,0,0
"235",581000,414000,40042,0,6,0,3,0,0,0,0,0,0,0,0,4,0,8,0,0,2,0,187,11,0,0,0,0,0,0,0,0,0,0
"236",581000,422000,39746,0,0,0,0,0,0,0,0,0,0,0,0,0,0,0,0,0,0,0,24,0,0,0,0,0,0,0,0,0,0,0
"237",581000,470000,37970,0,0,0,0,0,0,0,0,0,0,0,0,0,0,0,0,0,0,0,194,0,0,0,0,0,0,0,0,0,0,0
"238",581000,574000,34122,0,1,0,0,0,0,0,0,0,0,0,0,0,0,1,0,0,1,0,188,5,0,0,0,0,0,0,0,0,0,0
"239",581000,590000,33530,0,7,0,0,0,0,0,0,0,1,0,0,5,2,4,1,0,18,0,120,51,0,1,0,0,0,0,0,0,0,0
"240",589000,182000,48627,0,10,0,1,18,0,0,26,0,0,0,28,13,0,25,1,2,15,1,0,39,11,0,15,0,0,0,0,0,3,0
"241",589000,222000,47147,0,14,0,0,0,0,0,6,0,0,0,0,26,0,25,0,0,2,0,27,105,3,1,0,0,1,0,0,1,2,0
"242",589000,254000,45963,0,1,0,0,0,0,0,0,0,0,0,0,1,0,0,0,0,0,0,17,2,0,0,0,0,0,0,0,0,0,0
"243",589000,374000,41523,0,0,0,0,0,0,0,0,0,0,0,0,1,0,0,0,0,0,0,216,1,0,0,0,0,0,0,0,0,0,0
"244",589000,398000,40635,0,4,0,1,0,0,0,0,0,0,0,0,3,0,9,0,0,2,0,181,13,0,0,0,0,0,0,0,0,0,0
"245",589000,446000,38859,0,0,0,0,0,0,0,0,0,0,0,0,0,0,3,0,0,0,0,206,7,0,0,0,0,0,0,0,0,0,0
"246",589000,454000,38563,0,0,0,0,0,0,0,0,0,0,0,0,0,0,0,0,0,0,0,203,6,0,0,0,0,0,0,0,0,0,0
"247",589000,462000,38267,0,0,0,0,0,0,0,0,0,0,0,0,1,0,0,0,0,0,0,211,1,0,0,0,0,0,0,0,0,0,0
"248",589000,470000,37971,0,0,0,0,0,0,0,0,0,0,0,0,0,0,0,0,0,0,0,172,0,0,0,0,0,0,0,0,0,0,0
"249",589000,486000,37379,0,0,0,0,0,0,0,0,0,0,0,0,0,0,0,0,0,0,0,184,0,0,0,0,0,0,0,0,0,0,0
"250",589000,542000,35307,0,0,0,0,0,0,0,0,0,0,0,0,0,0,0,0,0,0,0,174,24,0,0,0,0,0,0,0,0,0,0
"251",589000,670000,30571,0,0,0,0,0,0,0,0,0,1,0,0,0,0,0,0,0,0,0,106,82,0,2,0,0,0,0,0,1,0,0
"252",597000,254000,45964,0,3,0,0,0,0,0,0,0,0,0,0,9,0,32,0,0,1,0,84,74,0,0,0,0,0,0,0,0,1,2
"253",597000,270000,45372,0,0,0,0,0,0,0,0,0,0,0,0,1,0,2,0,0,0,0,8,8,0,0,0,0,0,0,0,1,0,2
"254",597000,278000,45076,0,8,0,0,0,0,0,1,0,0,0,0,6,0,25,0,1,2,0,84,79,0,0,0,0,0,0,0,0,0,0
"255",597000,454000,38564,0,0,0,0,0,0,0,0,0,0,0,0,0,0,0,0,0,0,0,12,0,0,0,0,0,0,0,0,0,0,0
"256",597000,462000,38268,0,1,0,0,0,0,0,0,0,0,0,0,0,1,1,0,0,0,2,18,1,0,0,0,0,0,0,0,0,0,0
"257",597000,470000,37972,0,0,0,0,0,0,0,0,0,0,0,0,0,0,0,0,0,0,0,10,0,0,0,0,0,0,0,0,0,0,0
"258",597000,486000,37380,0,0,0,0,0,0,0,0,0,0,0,0,0,0,0,0,0,0,0,12,0,0,0,0,0,0,0,0,0,0,0
"259",597000,494000,37084,0,0,0,0,0,0,0,0,0,0,0,0,0,0,0,0,0,0,0,198,0,0,0,0,0,0,0,0,0,0,0
"260",597000,502000,36788,0,0,0,0,0,0,0,0,0,0,0,0,0,0,0,0,0,0,0,10,0,0,0,0,0,0,0,0,0,0,0
"261",597000,526000,35900,0,0,0,0,0,0,0,0,0,0,0,0,0,0,0,0,0,0,0,161,44,0,0,0,0,0,0,0,0,0,0
"262",597000,534000,35604,0,0,0,0,0,0,0,0,0,0,0,0,0,0,4,0,0,0,0,115,82,0,0,0,0,0,0,0,0,0,0
"263",597000,542000,35308,0,0,0,0,0,0,0,0,0,0,0,0,0,0,0,0,0,0,0,206,6,0,0,0,0,0,0,0,0,0,0
"264",597000,550000,35012,0,1,0,2,0,0,0,0,0,0,0,0,0,1,0,1,0,0,0,199,11,0,0,0,0,0,0,0,0,0,0
"265",597000,606000,32940,0,0,0,3,0,0,0,0,0,0,0,0,1,0,0,0,0,0,0,200,6,0,0,0,0,0,0,0,0,0,0
"266",605000,238000,46557,0,4,0,0,0,0,0,2,0,0,0,0,12,0,26,0,0,1,0,75,56,0,0,0,1,2,0,0,0,0,0
"267",605000,310000,43893,0,0,0,0,0,0,0,0,0,0,0,0,4,0,12,1,0,0,0,113,49,0,0,0,0,0,0,0,0,0,0
"268",605000,318000,43597,0,0,0,1,0,0,1,0,0,0,0,0,4,0,16,0,0,2,0,103,70,0,1,0,0,1,0,0,0,1,1
"269",605000,358000,42117,0,0,0,0,0,0,0,0,0,0,0,0,0,0,3,0,0,0,0,204,7,0,0,0,0,0,0,0,0,0,0
"270",605000,374000,41525,0,0,0,0,0,0,0,0,0,0,0,0,0,0,0,0,0,0,0,26,0,0,0,0,0,0,0,0,0,0,0
"271",605000,406000,40341,0,2,0,0,0,0,0,0,0,0,0,0,3,0,13,1,0,0,0,133,54,0,0,0,0,0,0,0,0,1,0
"272",605000,454000,38565,0,0,0,0,0,0,0,0,0,0,0,0,0,0,0,0,0,0,0,216,0,0,0,0,0,0,0,0,0,0,0
"273",605000,462000,38269,0,0,0,0,0,0,0,0,0,0,0,0,2,0,0,0,0,0,0,200,6,0,0,0,0,0,0,0,0,0,0
"274",605000,470000,37973,0,1,0,0,0,0,0,0,2,0,0,0,2,0,0,0,0,0,0,175,4,0,0,0,0,0,0,0,0,1,0
"275",605000,486000,37381,0,0,0,0,0,0,0,0,0,0,0,0,1,0,1,0,0,0,0,182,8,0,0,0,0,0,0,0,0,0,0
"276",605000,494000,37085,0,0,0,0,0,0,0,0,0,0,0,0,0,0,0,0,0,0,0,215,0,0,0,0,0,0,0,0,0,0,0
"277",605000,502000,36789,0,0,0,0,0,0,0,0,0,0,0,0,0,0,0,0,0,0,0,218,0,0,0,0,0,0,0,0,0,0,0
"278",605000,510000,36493,0,0,0,0,0,0,0,0,0,0,0,0,0,0,0,0,0,0,0,211,4,0,0,0,0,0,0,0,0,0,0
"279",605000,518000,36197,0,1,0,0,0,0,0,0,0,0,0,0,0,1,1,0,0,0,0,133,34,0,0,0,0,0,0,0,0,1,0
"280",605000,534000,35605,0,0,0,0,0,0,0,0,0,0,0,0,0,0,0,0,0,0,0,158,4,0,0,0,0,0,0,0,0,0,0
"281",605000,542000,35309,0,0,0,0,0,0,0,0,0,0,0,0,2,0,1,0,0,0,0,207,3,2,0,0,0,0,0,0,0,0,0
"282",605000,550000,35013,0,0,0,0,0,0,0,0,0,0,0,0,0,0,0,0,0,0,0,206,0,0,0,0,0,0,0,0,0,0,0
"283",605000,574000,34125,0,0,0,1,0,0,0,0,0,1,0,0,1,0,1,0,0,0,0,123,80,0,0,0,0,0,0,0,0,2,0
"284",605000,590000,33533,0,0,0,0,0,0,0,0,0,0,0,0,0,0,2,0,0,0,0,171,24,0,0,0,0,0,0,0,0,0,0
"285",605000,630000,32053,0,0,0,0,0,0,0,0,0,0,0,0,1,0,3,0,0,0,0,198,16,0,0,0,0,0,0,0,0,0,0
"286",605000,646000,31461,0,0,0,0,0,0,0,0,0,0,0,0,0,0,3,0,0,0,0,129,75,0,0,0,0,0,0,0,0,0,0
"287",613000,182000,48630,0,5,0,0,0,0,0,11,0,4,0,5,7,0,12,0,2,5,1,0,130,4,0,4,0,0,0,0,0,0,0
"288",613000,206000,47742,0,21,0,0,0,0,0,14,0,0,0,7,28,0,15,0,4,18,1,0,18,7,0,6,0,1,0,0,2,6,0
"289",613000,422000,39750,0,0,0,0,0,0,0,0,0,0,0,0,0,0,2,1,0,1,0,17,0,0,0,0,0,0,0,0,0,0,0
"290",613000,454000,38566,0,0,0,0,0,0,0,0,0,0,0,0,0,0,0,0,0,0,0,216,0,0,0,0,0,0,0,0,0,0,0
"291",613000,462000,38270,0,0,0,0,0,0,0,0,0,0,0,0,2,0,2,0,0,0,0,195,8,0,0,0,0,0,0,0,0,0,0
"292",613000,470000,37974,0,0,0,0,0,0,0,0,0,0,0,0,0,0,0,0,0,0,0,189,0,0,0,0,0,0,0,0,0,0,0
"293",613000,486000,37382,0,1,0,1,0,0,0,0,0,0,0,0,2,0,4,1,0,0,0,135,12,2,0,0,0,0,0,0,0,1,0
"294",613000,494000,37086,0,0,0,1,0,0,0,0,1,0,0,0,2,0,1,0,0,0,0,175,28,0,0,0,0,0,0,0,0,1,0
"295",613000,502000,36790,0,1,0,0,0,0,0,0,0,0,0,0,1,0,3,0,0,0,0,184,25,0,0,0,0,0,0,0,0,0,0
"296",613000,510000,36494,0,0,0,0,0,0,0,0,0,0,0,0,0,0,0,0,0,0,0,172,28,0,0,0,0,0,0,0,0,0,0
"297",613000,518000,36198,0,0,0,0,0,0,0,0,0,0,0,0,0,0,0,0,0,0,0,195,2,0,0,0,0,0,0,0,0,0,0
"298",613000,534000,35606,0,0,0,0,0,0,0,0,0,0,0,0,0,0,0,0,0,0,0,216,0,0,0,0,0,0,0,0,0,0,0
"299",613000,542000,35310,0,0,0,0,0,0,0,0,0,0,0,0,0,0,0,0,0,0,0,203,0,0,0,0,0,0,0,0,0,0,0
"300",613000,550000,35014,0,0,0,0,0,0,0,0,0,0,0,0,0,0,0,0,0,0,0,213,0,0,0,0,0,0,0,0,0,0,0
"301",613000,638000,31758,0,2,0,0,0,0,0,0,0,0,0,0,2,0,2,2,0,3,0,135,61,0,0,0,0,0,0,0,0,2,0
"302",613000,662000,30870,0,2,0,0,0,0,0,0,0,0,0,0,0,0,4,0,0,0,0,31,162,0,0,0,0,0,0,0,0,0,0
"303",621000,286000,44783,0,2,0,0,0,0,0,2,0,0,0,0,8,3,12,0,1,5,2,128,33,1,0,0,0,1,0,0,0,0,0
"304",621000,342000,42711,0,15,0,1,24,0,0,0,1,0,0,0,9,1,24,2,0,53,0,11,51,0,0,1,0,2,0,0,1,3,0
"305",621000,374000,41527,0,1,0,0,0,0,0,0,0,0,0,0,1,0,3,0,0,0,0,211,8,0,0,0,0,0,0,0,0,1,0
"306",621000,382000,41231,0,0,0,0,0,0,0,0,0,0,0,0,0,0,0,0,0,0,0,22,0,0,0,0,0,0,0,0,0,0,0
"307",621000,422000,39751,0,1,0,0,0,0,0,0,0,0,0,0,0,0,6,0,0,1,0,195,11,0,0,0,0,0,0,0,0,1,0
"308",621000,430000,39455,0,0,0,0,0,0,0,0,0,0,0,0,0,0,0,0,0,0,0,22,0,0,0,0,0,0,0,0,0,0,0
"309",621000,454000,38567,0,0,0,0,0,0,0,0,0,0,0,0,0,0,0,0,0,0,0,216,0,0,0,0,0,0,0,0,0,0,0
"310",621000,462000,38271,0,0,0,2,0,0,0,0,1,0,0,0,2,1,6,0,0,3,0,156,32,0,0,0,0,0,0,0,0,3,0
"311",621000,470000,37975,0,0,0,0,0,0,0,0,0,0,0,0,3,0,0,0,0,0,0,143,25,0,0,0,0,0,0,0,0,0,0
"312",621000,486000,37383,0,0,0,0,0,0,0,0,0,0,0,0,0,1,2,0,0,1,0,124,39,0,0,0,0,0,0,0,0,3,0
"313",621000,494000,37087,0,0,0,0,0,0,0,0,0,0,0,0,0,0,0,0,0,0,0,161,42,0,0,0,0,0,0,0,0,0,0
"314",621000,502000,36791,0,0,0,0,0,0,0,0,0,0,0,0,0,0,1,0,0,0,0,167,41,0,0,0,0,0,0,0,0,0,0
"315",621000,510000,36495,0,0,0,0,0,0,0,0,0,0,0,0,0,0,0,0,0,0,0,161,52,0,0,0,0,0,0,0,0,0,0
"316",621000,518000,36199,0,0,0,0,0,0,0,0,0,0,0,0,0,0,0,0,0,0,0,176,2,0,0,0,0,0,0,0,0,0,0
"317",621000,542000,35311,0,0,0,0,0,0,0,0,0,0,0,0,0,0,0,0,0,0,0,215,0,0,0,0,0,0,0,0,0,0,0
"318",629000,294000,44488,0,18,0,2,45,0,0,2,0,0,0,7,10,0,22,1,0,38,0,0,13,0,0,4,0,0,0,0,0,0,0
"319",629000,390000,40936,0,6,0,6,5,0,0,0,1,2,0,0,10,1,19,2,0,18,1,62,71,3,0,0,0,0,0,0,0,7,0
"320",629000,454000,38568,0,0,0,0,0,0,0,0,0,0,0,0,0,0,0,0,0,0,0,218,0,0,0,0,0,0,0,0,0,0,0
"321",629000,462000,38272,0,0,0,0,0,0,0,0,0,0,0,0,0,0,0,0,0,0,0,213,0,0,0,0,0,0,0,0,0,0,0
"322",629000,470000,37976,0,0,0,0,0,0,0,0,0,0,0,0,0,0,0,0,0,0,0,215,0,0,0,0,0,0,0,0,0,0,0
"323",629000,478000,37680,0,2,0,0,0,0,0,0,1,0,0,0,1,1,3,0,0,0,0,142,36,0,0,0,0,0,0,0,0,2,0
"324",629000,598000,33240,0,0,0,0,0,0,0,0,0,0,0,0,0,0,0,0,0,0,0,211,4,0,0,0,0,0,0,0,0,0,0
"325",637000,198000,48041,0,6,0,0,0,4,10,0,0,0,0,7,10,0,38,0,0,7,0,0,116,1,2,0,3,1,0,0,0,1,0
"326",637000,310000,43897,0,11,0,2,18,0,0,5,0,0,0,1,6,0,36,0,0,7,0,0,66,1,0,5,2,2,0,0,0,0,0
"327",637000,326000,43305,0,13,0,3,19,0,0,2,3,0,0,0,9,1,19,1,0,28,1,0,36,0,2,1,1,1,0,0,0,8,0
"328",637000,454000,38569,0,0,0,0,0,0,0,0,0,0,0,0,0,0,0,0,0,0,0,72,0,0,0,0,0,0,0,0,0,0,0
"329",637000,462000,38273,0,0,0,0,0,0,0,0,0,0,0,0,0,0,0,0,0,0,0,82,0,0,0,0,0,0,0,0,0,0,0
"330",637000,470000,37977,0,0,0,0,0,0,0,0,0,0,0,0,0,0,0,0,0,0,0,64,4,0,0,0,0,0,0,0,0,0,0
"331",637000,478000,37681,0,0,0,0,0,0,0,0,0,1,0,0,0,0,4,0,0,0,0,44,19,0,0,0,0,0,0,0,0,0,0
"332",637000,486000,37385,0,0,0,0,0,0,0,0,0,0,0,0,0,0,0,0,0,0,0,0,11,0,0,0,0,0,0,0,0,1,0
"333",637000,494000,37089,0,0,0,0,0,0,0,0,0,0,0,0,0,0,2,0,0,0,0,212,24,0,0,0,0,0,0,0,0,0,0
"334",637000,502000,36793,0,0,0,0,0,0,0,0,0,0,0,0,0,0,0,0,0,0,0,119,104,0,0,0,0,0,0,0,0,0,0
"335",637000,510000,36497,0,0,0,0,0,0,0,0,0,0,0,0,0,0,0,0,0,0,0,78,154,0,0,0,0,0,0,0,0,0,0
"336",637000,518000,36201,0,0,0,0,0,0,0,0,0,0,0,0,0,0,0,0,0,0,0,184,32,0,0,0,0,0,0,0,0,0,0
"337",637000,526000,35905,0,0,0,0,0,0,0,0,0,0,0,0,0,0,4,0,0,0,0,211,20,0,0,0,0,0,0,0,0,0,0
"338",637000,542000,35313,0,0,0,0,0,0,0,0,0,0,0,0,0,0,0,0,0,0,0,237,4,0,0,0,0,0,0,0,0,0,0
"339",637000,566000,34425,0,1,0,0,0,0,0,0,0,0,0,0,1,0,3,0,0,0,0,140,67,0,0,0,0,0,0,0,0,0,0
"340",645000,174000,48930,0,3,0,0,0,1,0,7,0,1,0,15,25,0,34,0,1,12,3,0,80,12,1,0,0,0,0,0,0,1,0
"341",645000,270000,45378,0,0,0,0,1,0,0,1,0,0,0,0,1,0,35,0,0,0,0,0,107,1,0,0,0,0,0,0,2,0,0
"342",645000,334000,43010,0,6,0,1,10,0,0,0,3,2,0,0,11,5,13,0,1,18,1,0,18,1,1,1,0,1,0,0,0,11,0
"343",645000,358000,42122,0,9,0,3,7,0,0,0,1,0,0,0,13,5,26,0,0,44,2,0,75,1,0,1,0,0,0,0,0,7,0
"344",645000,390000,40938,0,3,0,2,19,0,2,0,8,0,0,0,3,13,8,5,2,28,2,0,40,6,5,4,0,1,0,0,0,9,0
"345",645000,454000,38570,0,0,0,0,0,0,0,0,0,1,0,0,0,0,0,0,0,2,0,0,0,0,0,0,0,0,0,0,0,1,0
"346",645000,478000,37682,0,0,0,0,0,0,0,0,0,0,0,0,0,0,0,0,0,0,1,0,2,0,0,0,0,0,0,0,0,1,0
"347",645000,486000,37386,0,1,0,2,0,0,0,0,0,2,0,0,1,0,2,0,0,0,0,0,24,0,0,0,0,0,0,0,0,0,0
"348",645000,494000,37090,0,0,0,0,0,0,1,0,0,0,0,0,0,0,0,0,0,0,0,0,75,0,0,0,0,0,0,0,0,0,0
"349",645000,510000,36498,0,0,0,0,0,0,0,0,0,0,0,0,0,0,0,0,0,0,0,0,26,0,0,0,0,0,0,0,0,0,0
"350",645000,518000,36202,0,2,0,0,0,3,0,0,0,0,0,0,0,0,0,0,0,1,0,0,99,0,3,0,0,0,0,0,0,0,0
"351",645000,526000,35906,0,4,0,0,0,4,0,0,0,0,0,0,0,0,2,0,0,0,0,0,40,0,2,0,0,0,0,0,0,0,2
"352",645000,534000,35610,0,0,0,0,0,0,0,0,0,1,0,0,0,0,6,0,0,0,0,0,51,0,0,0,0,0,0,0,0,0,0
"353",645000,542000,35314,0,0,0,0,0,0,0,0,0,0,0,0,0,0,18,0,0,0,0,0,88,0,0,0,0,0,0,0,0,0,0
"354",645000,558000,34722,0,0,0,0,0,0,0,0,0,0,0,0,0,0,11,0,0,0,0,0,91,0,0,0,0,0,0,0,0,0,0
"355",653000,214000,47451,0,7,0,4,15,0,0,10,0,0,0,10,15,0,12,0,0,16,1,0,98,4,0,2,0,0,0,0,0,0,0
"356",653000,310000,43899,0,0,0,0,0,0,1,1,0,0,0,0,3,0,42,1,0,2,0,0,68,0,0,0,0,1,0,0,1,0,0
"357",653000,326000,43307,0,9,0,1,17,0,1,2,0,0,0,1,4,0,46,3,0,11,0,0,72,4,0,4,0,0,0,0,0,1,0
"358",653000,342000,42715,0,12,0,3,31,0,1,1,3,1,0,4,9,1,21,2,0,30,0,0,47,1,0,8,0,0,0,0,0,5,0
"359",653000,406000,40347,0,16,0,6,11,0,1,0,0,1,0,0,18,2,24,2,1,27,1,0,54,3,0,2,0,0,0,0,0,5,0
"360",653000,438000,39163,0,2,0,0,0,0,0,0,0,0,0,0,3,0,21,1,0,2,0,0,86,1,0,0,0,1,0,0,0,3,0
"361",653000,486000,37387,0,1,0,1,0,0,0,0,0,2,0,0,0,0,5,0,0,0,0,0,11,0,0,0,0,0,0,0,0,0,0
"362",653000,494000,37091,0,0,0,0,0,0,0,0,0,0,0,0,0,0,0,0,0,0,0,0,29,0,1,0,0,0,0,0,0,0,0
"363",653000,502000,36795,0,0,0,0,0,0,0,0,0,0,0,0,0,0,0,0,0,0,0,0,118,1,1,0,0,0,0,0,0,0,2
"364",653000,518000,36203,0,0,0,0,0,0,0,0,0,0,0,0,0,0,0,0,0,0,0,0,108,0,0,0,0,0,0,0,0,0,0
"365",661000,166000,49228,0,6,0,1,0,0,0,7,0,0,0,18,5,0,18,0,0,6,2,0,66,0,1,4,9,0,0,0,0,1,0
"366",661000,294000,44492,0,0,0,0,0,0,0,1,0,2,0,0,1,0,39,0,0,0,0,0,38,0,0,0,0,0,0,0,0,1,0
"367",661000,318000,43604,0,5,0,0,4,0,0,3,0,0,0,0,7,0,38,0,0,14,0,0,95,1,0,1,0,0,0,0,0,0,0
"368",661000,374000,41532,0,12,0,2,87,0,0,0,4,0,0,0,4,4,13,5,0,54,0,0,12,0,0,7,0,0,0,0,1,6,1
"369",661000,526000,35908,0,10,0,0,0,3,0,0,0,0,0,0,0,0,0,0,0,6,0,0,32,0,1,0,0,0,0,0,0,0,2
"370",661000,534000,35612,0,0,0,0,0,0,0,0,0,2,0,0,0,0,8,0,0,0,0,0,12,0,3,0,0,0,0,0,0,0,1
"371",661000,542000,35316,0,0,0,0,0,0,0,0,0,0,0,0,0,0,15,0,0,0,0,0,39,0,2,0,0,0,0,0,0,0,0
"372",661000,550000,35020,0,0,0,0,0,0,0,0,0,0,0,0,0,0,14,0,0,0,0,0,46,0,0,0,0,0,0,0,0,0,0
"373",669000,246000,46269,0,5,0,0,0,0,0,4,0,0,0,0,21,0,35,0,1,7,0,0,95,2,0,0,0,0,0,0,0,0,0
"374",669000,270000,45381,0,6,0,1,11,0,0,5,3,0,0,1,16,9,18,2,3,11,1,0,45,0,0,0,0,0,0,0,0,0,0
"375",669000,350000,42421,0,9,0,4,82,0,0,3,2,3,0,4,5,2,19,3,0,35,0,0,12,2,0,9,0,2,0,0,0,4,0
"376",669000,478000,37685,0,0,0,0,0,0,0,0,0,0,0,0,0,0,0,0,0,0,0,0,2,0,0,0,0,0,0,0,0,0,0
"377",669000,486000,37389,0,0,0,0,0,0,0,0,0,0,0,0,0,0,4,0,0,0,0,0,26,0,0,0,0,0,0,0,0,0,0
"378",669000,494000,37093,0,0,0,0,0,0,0,0,0,0,0,0,0,0,4,0,0,0,0,0,69,0,1,0,0,0,0,0,0,0,0
"379",669000,502000,36797,0,0,0,0,0,0,1,0,0,0,0,0,0,0,1,0,0,0,0,0,130,0,0,0,0,0,0,0,0,0,0
"380",669000,518000,36205,0,0,0,0,0,0,0,0,0,0,0,0,0,0,0,0,0,0,0,0,94,0,4,0,0,0,0,0,0,0,0
"381",669000,526000,35909,0,13,0,0,0,1,0,0,0,0,0,0,1,0,0,0,0,7,0,0,82,0,2,0,0,1,0,0,0,0,5
"382",669000,534000,35613,0,29,0,0,0,1,0,0,0,0,0,0,3,0,13,0,0,4,0,0,43,0,6,0,0,0,0,0,0,0,1
"383",669000,542000,35317,0,0,0,0,0,0,0,0,0,0,0,0,0,0,22,0,0,0,0,0,74,0,0,0,0,0,0,0,0,0,0
"384",669000,550000,35021,0,0,0,1,0,0,0,0,0,0,0,0,1,0,33,0,0,0,0,0,120,0,0,0,0,0,0,0,0,1,0
"385",677000,198000,48046,0,0,0,0,0,0,0,10,0,3,0,34,5,0,18,0,0,6,0,0,107,3,0,0,0,0,0,0,1,1,0
"386",677000,262000,45678,0,0,0,1,1,0,0,8,0,0,0,9,2,0,17,0,0,3,0,0,63,0,0,1,0,0,0,0,0,1,0
"387",677000,286000,44790,0,3,0,1,31,0,0,11,2,0,0,11,6,11,24,0,5,24,3,0,35,1,2,2,0,0,0,0,0,4,2
"388",677000,310000,43902,0,6,0,2,77,1,0,1,0,1,0,12,1,0,20,3,0,37,0,0,26,5,0,16,0,0,0,0,0,0,0
"389",677000,390000,40942,0,8,0,5,64,0,0,0,7,1,0,0,6,3,11,6,0,59,0,0,22,1,0,4,0,2,0,0,0,7,0
"390",677000,446000,38870,0,0,0,0,0,0,0,0,0,0,0,0,0,0,9,0,0,0,0,0,7,0,0,0,0,0,0,0,0,0,0
"391",677000,478000,37686,0,0,0,0,0,0,0,0,0,0,0,0,0,0,0,0,0,0,0,0,6,0,0,0,0,0,0,0,0,0,0
"392",677000,486000,37390,0,0,0,0,0,0,0,0,0,0,0,0,0,0,0,0,0,0,0,0,114,0,0,0,0,0,0,0,0,0,0
"393",677000,494000,37094,0,0,0,0,0,0,0,0,0,0,0,0,0,0,1,0,0,0,0,0,40,0,1,0,0,0,0,0,0,0,0
"394",677000,502000,36798,0,0,0,0,0,0,0,0,0,0,0,0,0,0,5,0,0,0,0,0,145,0,4,0,0,0,0,0,0,0,0
"395",677000,518000,36206,0,0,0,0,0,0,0,0,0,0,0,0,0,0,1,0,0,0,0,0,128,0,1,0,0,0,0,0,0,0,0
"396",677000,526000,35910,0,0,0,0,0,0,0,0,0,0,0,0,1,0,0,0,0,1,0,0,101,0,5,0,0,0,0,0,0,0,0
"397",677000,534000,35614,0,12,0,0,0,1,0,0,0,0,0,0,9,0,9,0,0,12,0,0,42,0,2,0,0,0,0,0,0,0,3
"398",677000,542000,35318,0,0,0,0,0,0,0,0,0,0,0,0,1,0,27,0,0,0,0,0,78,0,2,0,0,0,0,0,0,0,0
"399",685000,174000,48935,0,9,0,0,5,0,0,15,0,0,1,13,5,0,26,0,0,2,1,0,112,1,0,6,3,0,0,0,0,1,0
"400",685000,214000,47455,0,5,0,0,96,0,0,6,0,0,0,5,3,0,10,0,0,37,0,0,38,1,0,3,0,2,0,0,1,1,0
"401",685000,366000,41831,0,5,0,8,61,0,0,0,5,0,0,0,10,4,10,5,0,63,0,0,15,0,0,3,0,2,0,0,1,6,0
"402",685000,454000,38575,0,0,0,0,0,0,0,0,0,0,0,0,0,0,1,0,0,0,0,0,3,0,0,0,0,0,0,0,0,0,0
"403",685000,486000,37391,0,0,0,0,0,0,0,0,0,0,0,0,0,0,5,0,0,0,0,0,71,0,4,0,0,0,0,0,0,0,0
"404",685000,494000,37095,0,0,0,0,0,0,0,0,0,0,0,0,0,0,3,0,0,0,0,0,34,0,1,0,0,0,0,0,0,0,0
"405",685000,502000,36799,0,0,0,0,0,0,0,0,0,0,0,0,0,0,3,0,0,0,0,0,90,0,1,0,0,0,0,0,0,0,0
"406",685000,510000,36503,0,0,0,0,0,0,0,0,0,0,0,0,0,0,1,0,0,0,0,0,117,0,0,0,0,0,0,0,0,0,0
"407",685000,526000,35911,0,4,0,0,0,1,0,1,0,0,0,0,2,0,0,0,0,1,0,0,93,0,0,0,0,0,0,0,0,0,4
"408",685000,534000,35615,0,0,0,0,0,0,1,0,0,0,0,0,1,0,2,0,0,1,0,0,58,0,0,0,0,0,0,0,0,0,5
"409",685000,542000,35319,0,0,0,0,0,0,0,0,0,0,0,0,0,0,9,0,0,0,0,0,53,0,1,0,0,0,0,0,0,0,1
"410",685000,550000,35023,0,4,0,6,8,1,0,0,0,0,0,0,4,0,10,2,0,7,0,0,54,0,3,0,0,1,0,0,0,0,0
"411",693000,230000,46864,0,4,0,0,100,0,0,2,1,0,0,5,6,0,4,2,0,31,0,0,45,0,0,5,0,0,0,0,0,1,0
"412",693000,406000,40352,0,3,0,1,2,0,0,0,0,0,0,0,1,0,16,0,0,0,0,0,57,0,0,0,0,0,0,0,0,0,0
"413",693000,438000,39168,0,6,0,4,8,0,0,0,4,1,0,0,5,0,24,3,1,19,0,0,79,3,2,0,0,3,0,0,0,4,0
"414",693000,502000,36800,0,0,0,1,0,0,0,0,0,0,0,0,0,0,0,0,0,0,0,0,94,0,0,0,0,0,0,0,0,0,1
"415",693000,510000,36504,0,0,0,0,0,0,0,1,0,0,0,0,0,0,0,0,0,0,0,0,109,0,0,0,0,0,0,0,0,0,0
"416",693000,526000,35912,0,1,0,0,0,1,0,0,0,0,0,0,0,0,0,0,0,2,0,0,132,0,0,0,0,0,0,0,0,0,0
"417",693000,534000,35616,0,4,0,0,0,0,0,0,0,0,0,0,1,0,0,0,0,1,0,0,49,0,0,0,0,0,0,0,0,0,1
"418",693000,542000,35320,0,0,0,0,0,0,0,0,0,0,0,0,0,0,7,0,0,0,0,0,99,0,0,0,0,0,0,0,0,0,2
"419",701000,166000,49233,0,8,0,0,27,0,0,16,0,0,0,30,3,0,4,2,1,7,1,0,107,3,0,2,0,2,0,0,0,1,0
"420",701000,206000,47753,0,2,0,0,22,0,0,5,0,0,0,22,1,0,0,0,0,13,1,0,82,0,0,12,0,0,0,0,0,0,0
"421",701000,222000,47161,0,2,0,0,122,0,0,2,0,0,0,2,1,0,1,0,0,17,1,0,9,0,0,3,0,0,0,0,0,0,0
"422",701000,294000,44497,0,1,0,1,111,0,2,4,0,0,0,15,1,1,12,1,0,27,0,0,13,2,0,12,0,2,0,0,0,1,0
"423",701000,310000,43905,0,9,0,2,91,0,0,0,2,0,0,5,6,5,14,1,0,46,0,0,9,0,0,3,0,3,0,0,0,4,0
"424",701000,342000,42721,0,6,0,1,95,0,1,1,4,0,0,1,7,1,17,5,0,35,0,0,13,1,0,8,0,0,0,0,0,2,0
"425",701000,358000,42129,0,10,0,6,72,0,0,1,1,0,0,1,12,1,16,6,0,62,0,0,9,0,1,1,0,0,0,0,0,5,0
"426",701000,414000,40057,0,4,0,0,0,0,0,0,0,1,0,0,1,0,43,1,0,2,0,0,91,0,0,0,0,0,0,0,0,1,0
"427",701000,486000,37393,0,0,0,1,0,0,0,0,0,0,0,0,0,0,4,0,0,1,0,0,104,1,0,1,0,0,0,0,0,0,0
"428",701000,550000,35025,0,0,0,0,0,0,0,0,0,0,0,0,0,0,33,0,0,0,0,0,113,0,0,0,0,0,0,0,0,0,0
"429",701000,558000,34729,0,3,0,12,26,0,0,0,0,0,0,0,7,0,5,3,0,22,0,0,42,0,3,0,0,0,0,0,0,5,0
"430",709000,270000,45386,0,3,0,0,76,0,0,3,0,2,0,12,1,0,14,4,0,46,0,0,7,1,0,6,0,0,0,0,1,2,0
"431",709000,414000,40058,0,6,0,2,4,0,0,0,0,0,0,0,7,0,31,0,0,13,0,0,62,2,0,0,0,0,0,0,0,1,0
"432",709000,510000,36506,0,0,0,0,0,0,0,0,0,0,0,0,0,0,0,0,0,0,0,0,92,2,0,0,0,0,0,0,0,0,0
"433",709000,526000,35914,0,0,0,0,0,0,0,0,0,0,0,0,0,0,0,0,0,0,0,0,151,0,1,0,0,0,0,0,0,0,0
"434",709000,534000,35618,0,1,0,0,0,0,0,0,0,0,0,0,2,0,0,0,0,0,0,0,50,1,1,0,0,0,0,0,0,0,3
"435",709000,542000,35322,0,0,0,0,0,0,1,0,0,0,0,0,4,0,1,0,0,1,0,0,60,0,3,0,0,0,0,0,0,0,4
"436",709000,550000,35026,0,0,0,1,0,0,0,0,0,1,0,0,0,0,8,0,0,0,0,0,106,0,0,0,0,0,0,0,0,0,0
"437",709000,558000,34730,0,0,0,3,0,0,0,0,0,1,0,0,3,0,22,0,0,4,0,0,22,0,2,0,0,0,0,0,0,1,0
"438",717000,262000,45683,0,3,0,0,93,0,0,5,0,1,0,11,5,0,4,10,0,23,2,0,11,2,0,5,0,1,0,0,0,4,0
"439",717000,294000,44499,0,5,0,0,81,0,0,2,2,0,0,4,4,0,9,4,0,60,0,0,16,0,0,1,0,1,0,0,2,3,0
"440",717000,310000,43907,0,9,0,1,116,1,2,1,2,0,0,15,0,1,9,7,0,22,0,0,20,1,0,0,0,1,0,0,1,1,0
"441",717000,326000,43315,0,3,0,0,119,1,2,3,0,0,0,13,3,0,10,4,0,20,0,0,19,2,0,6,0,0,0,0,0,1,0
"442",717000,350000,42427,0,17,0,4,119,0,0,1,2,1,0,2,15,0,4,3,0,15,0,0,19,0,0,1,0,0,0,0,1,4,0
"443",717000,358000,42131,0,18,0,1,86,0,0,0,6,2,0,0,8,2,10,7,0,42,0,0,15,0,0,6,0,1,0,0,0,6,0
"444",717000,510000,36507,0,0,0,0,0,0,0,5,0,0,0,0,0,0,2,0,0,1,0,0,146,2,0,0,0,0,0,0,0,0,0
"445",717000,518000,36211,0,0,0,0,0,0,0,0,0,0,0,0,0,0,0,0,0,0,0,0,138,0,0,0,0,0,0,0,0,0,0
"446",717000,534000,35619,0,0,0,0,1,2,0,0,0,0,0,0,0,0,1,0,0,4,0,0,131,0,1,0,0,1,0,0,0,1,0
"447",717000,542000,35323,0,0,0,0,0,0,0,0,0,0,0,0,0,0,1,0,0,0,0,0,57,0,0,0,0,0,0,0,0,0,0
"448",717000,550000,35027,0,0,0,0,0,0,0,0,0,0,0,0,0,0,3,0,0,0,0,0,85,0,0,0,0,0,0,0,0,0,2
"449",717000,558000,34731,0,0,0,1,0,0,0,0,0,0,0,0,0,0,17,0,0,0,0,0,57,0,1,0,0,0,0,0,1,0,1
"450",717000,574000,34139,0,0,0,4,15,0,0,0,0,0,0,0,2,0,2,2,0,6,0,0,56,0,0,0,0,0,0,0,1,0,0
"451",717000,582000,33843,0,14,0,20,46,1,0,0,0,1,0,0,17,0,2,9,0,27,0,0,23,0,2,4,0,0,0,0,0,2,0
"452",725000,190000,48348,0,10,0,0,15,0,0,15,0,1,0,6,1,0,12,0,0,9,0,0,79,4,0,13,0,0,0,0,0,3,0
"453",725000,454000,38580,0,27,0,2,95,0,0,0,6,2,0,0,21,2,13,2,0,19,0,0,13,3,0,2,0,1,0,0,1,3,0
"454",725000,518000,36212,0,0,0,0,0,0,0,2,0,0,0,0,0,0,1,0,0,1,0,0,148,0,0,0,0,0,18,0,0,0,0
"455",725000,534000,35620,0,2,0,0,0,1,1,0,0,0,0,0,3,0,1,0,0,2,0,0,152,2,1,0,0,3,0,0,0,0,2
"456",725000,542000,35324,0,0,0,0,0,0,0,0,0,0,0,0,0,0,4,0,0,0,0,0,123,0,1,0,0,0,6,0,0,0,0
"457",725000,550000,35028,0,0,0,0,0,0,0,0,0,0,0,0,0,0,6,0,0,0,0,0,97,0,2,0,0,0,2,0,0,0,7
"458",725000,558000,34732,0,0,0,0,0,0,0,0,0,0,0,0,0,0,10,0,0,0,0,0,86,0,2,0,0,0,4,0,0,0,0
"459",725000,566000,34436,0,9,0,9,20,0,0,0,0,1,0,0,5,0,15,3,0,26,0,0,39,0,5,4,0,1,14,0,0,5,0
"460",733000,230000,46869,0,2,0,0,6,0,0,12,0,0,0,21,7,0,17,5,1,11,2,0,92,2,0,10,0,2,0,0,0,4,0
"461",733000,390000,40949,0,40,0,4,34,0,0,3,0,1,0,0,25,0,18,9,1,16,0,0,37,0,0,7,0,1,0,0,0,8,0
"462",733000,406000,40357,0,29,0,0,61,0,0,0,4,1,0,0,9,0,18,4,0,32,0,0,30,0,0,1,0,3,0,0,0,2,2
"463",733000,438000,39173,0,19,0,4,64,0,0,0,9,0,0,0,15,1,17,10,3,29,1,0,22,1,0,1,0,3,0,0,0,3,0
"464",733000,486000,37397,0,20,0,4,15,0,0,0,0,0,0,0,17,0,20,8,0,14,0,0,74,1,2,5,0,0,0,0,0,4,0
"465",733000,502000,36805,0,1,0,0,3,0,0,0,0,0,0,0,1,0,25,0,0,1,0,0,141,0,4,0,0,0,1,0,0,1,2
"466",733000,518000,36213,0,4,0,3,8,0,0,0,0,0,0,0,6,0,10,0,0,0,0,0,124,0,0,7,0,0,3,1,0,0,0
"467",733000,534000,35621,0,4,0,1,0,0,0,0,0,0,0,0,4,0,31,0,0,1,0,0,148,0,0,0,0,0,0,0,0,1,0
"468",733000,542000,35325,0,8,0,6,9,0,2,0,0,0,0,0,11,0,16,3,0,1,0,0,131,0,3,1,0,1,2,0,0,2,0
"469",733000,550000,35029,0,24,0,7,53,0,1,0,0,1,0,0,8,0,6,5,0,15,0,0,64,0,5,5,0,1,0,0,0,1,0
"470",733000,558000,34733,0,7,0,5,19,0,0,0,0,1,0,0,5,0,15,1,0,4,0,0,98,0,0,4,0,0,2,0,0,0,3
"471",733000,566000,34437,0,16,0,6,11,0,2,0,0,0,0,0,9,0,2,0,0,6,0,0,59,0,1,1,0,1,12,0,0,0,2
"472",733000,574000,34141,0,2,0,0,2,0,0,0,0,0,0,0,0,0,16,0,0,4,0,0,81,0,0,0,0,0,1,0,0,0,0
"473",741000,254000,45982,0,3,0,0,99,0,0,2,0,0,2,11,2,5,20,8,0,18,0,0,20,1,0,4,0,0,0,0,0,2,1
"474",741000,302000,44206,0,3,0,0,30,0,0,8,1,0,0,2,4,0,15,2,0,16,0,0,102,1,0,7,0,2,0,0,1,1,1
"475",741000,518000,36214,0,6,0,1,8,0,0,0,0,0,0,0,8,0,16,3,0,9,0,0,73,0,5,3,0,1,2,0,0,7,0
"476",741000,534000,35622,0,9,0,1,9,1,0,0,3,2,0,0,13,1,10,0,0,26,1,0,72,1,4,4,0,0,3,0,0,8,0
"477",749000,182000,48647,0,1,0,0,24,0,4,3,0,1,0,1,2,1,20,0,0,1,0,0,87,1,0,6,0,0,0,0,0,2,0
"478",749000,222000,47167,0,2,0,0,75,0,6,0,2,0,0,12,4,0,8,1,0,14,0,0,32,1,0,20,0,1,0,0,0,4,0
"479",749000,326000,43319,0,22,0,3,112,0,0,0,0,1,0,3,7,1,7,6,1,23,0,0,10,1,0,0,0,1,0,0,3,0,1
"480",749000,358000,42135,0,15,0,2,39,0,0,0,36,2,0,0,16,17,15,9,0,28,0,0,12,2,1,0,0,4,0,0,0,6,0
"481",749000,414000,40063,0,34,0,3,42,0,0,0,1,0,0,1,12,0,24,5,0,8,0,0,49,2,2,1,0,1,0,0,0,1,0
"482",749000,542000,35327,0,15,0,0,21,0,0,0,0,1,0,0,16,0,4,9,0,10,0,0,76,0,1,6,0,0,3,0,0,0,2
"483",749000,550000,35031,3,20,0,3,45,0,1,0,0,3,0,0,8,0,7,5,0,14,0,0,28,0,4,7,0,1,8,0,0,0,5
"484",749000,558000,34735,1,27,0,10,33,1,1,0,0,1,0,2,19,1,9,10,0,28,0,0,29,3,0,12,0,0,0,0,0,1,0
"485",749000,566000,34439,0,6,0,5,9,0,1,0,0,0,0,0,3,0,14,2,0,9,0,0,95,0,1,2,0,0,0,0,0,0,1
"486",749000,574000,34143,0,0,0,0,0,0,1,0,0,0,0,0,0,0,14,0,0,0,0,0,121,0,0,0,0,0,0,0,0,0,0
"487",757000,278000,45096,0,3,0,1,61,0,0,7,0,0,0,8,1,0,19,6,0,5,0,0,67,0,0,5,0,1,0,0,0,0,0
"488",757000,310000,43912,0,7,0,2,90,0,0,0,0,0,0,12,3,0,21,4,0,10,0,0,38,5,0,10,0,1,0,0,0,1,0
"489",757000,382000,41248,0,23,0,1,63,0,0,0,14,2,0,1,12,5,14,6,0,15,0,0,23,1,0,3,0,2,0,0,0,3,0
"490",757000,422000,39768,0,43,0,7,91,2,0,0,1,0,0,1,19,0,4,5,0,17,0,0,16,0,0,0,0,3,0,1,0,0,0
"491",757000,454000,38584,0,16,0,5,89,0,0,0,3,0,0,2,20,0,8,21,0,13,0,0,20,0,0,3,0,4,0,1,0,1,0
"492",757000,534000,35624,0,27,0,5,58,0,1,0,0,0,0,0,29,1,4,7,0,26,0,0,18,0,3,6,0,2,3,0,0,6,4
"493",757000,542000,35328,0,37,0,1,46,0,4,0,0,0,0,0,31,0,7,6,0,7,0,0,40,0,3,4,0,2,2,0,0,0,6
"494",757000,550000,35032,3,25,0,6,27,0,1,0,0,1,0,0,14,0,3,5,1,21,0,0,35,0,4,2,0,4,0,0,0,0,8
"495",757000,558000,34736,0,29,0,10,41,0,0,0,0,0,0,0,10,0,14,13,0,17,0,0,22,2,9,5,0,1,14,0,0,0,9
"496",757000,566000,34440,0,3,0,3,43,0,1,0,0,0,0,0,7,0,25,3,0,19,1,0,76,0,0,1,0,0,0,0,0,2,2
"497",757000,574000,34144,0,0,0,0,0,0,0,0,0,0,0,0,0,0,14,0,0,0,0,0,116,0,0,0,0,0,0,0,0,0,0
"498",765000,278000,45097,0,14,0,3,117,1,0,4,0,0,0,1,6,2,9,3,0,13,0,0,9,0,0,6,0,1,0,0,0,1,2
"499",765000,366000,41841,0,31,0,1,112,0,0,0,3,0,0,2,16,1,9,2,0,21,0,0,12,0,0,1,0,0,0,0,0,1,0
"500",765000,406000,40361,0,16,0,3,84,0,0,0,7,0,0,1,12,0,8,10,0,33,0,0,20,2,0,0,0,4,0,0,1,3,0
"501",765000,526000,35921,0,19,0,2,49,0,0,0,2,0,0,0,16,0,8,7,0,12,0,0,42,0,7,7,0,2,6,0,0,1,2
"502",765000,542000,35329,0,39,0,6,45,0,0,0,0,0,0,0,11,0,6,8,0,15,0,0,24,0,14,6,0,2,2,0,0,1,9
"503",765000,550000,35033,0,29,0,5,57,0,0,0,0,0,0,0,19,0,6,18,0,23,0,0,25,0,1,5,0,5,0,1,0,0,10
"504",773000,310000,43914,0,30,0,0,96,0,0,4,2,1,0,0,14,1,12,3,0,13,0,0,8,1,0,5,0,0,0,0,6,1,1
"505",773000,430000,39474,0,25,0,6,122,1,0,0,5,0,0,0,12,1,3,3,0,19,0,0,8,0,0,0,0,3,0,5,0,1,0
"506",773000,502000,36810,0,7,0,1,9,0,0,0,0,0,0,0,11,0,14,9,0,6,1,0,111,0,2,4,0,0,14,1,0,2,2
"507",773000,518000,36218,0,12,0,0,26,0,0,0,0,2,0,0,17,0,3,8,0,4,0,0,105,0,1,10,0,2,2,1,0,2,1
"508",773000,526000,35922,0,11,0,2,19,0,0,0,5,0,0,0,13,1,12,5,0,10,0,0,88,0,1,2,0,0,4,0,0,0,1
"509",773000,542000,35330,0,25,0,10,26,0,0,0,1,0,0,0,12,0,4,4,0,10,0,0,39,0,7,5,0,0,2,0,0,1,2
"510",773000,550000,35034,0,27,0,11,44,0,0,1,1,0,0,0,18,0,6,21,0,43,0,0,10,0,2,4,0,2,2,0,0,2,4
"511",781000,238000,46579,0,2,0,0,120,0,6,8,0,0,0,4,6,0,2,3,0,7,0,0,23,1,0,5,0,0,0,0,0,1,0
"512",781000,478000,37699,0,26,0,5,80,0,0,0,8,1,0,0,28,1,14,18,0,13,0,0,9,0,0,4,0,3,0,0,0,0,2
"513",781000,542000,35331,0,8,0,3,17,0,0,0,0,0,0,0,13,0,11,4,0,11,0,0,85,1,3,1,0,1,0,0,0,2,0
"514",781000,566000,34443,0,6,0,5,8,0,0,0,0,0,0,0,5,0,22,4,0,5,0,0,122,0,1,4,0,1,2,0,0,0,1
"515",789000,334000,43028,0,41,0,3,97,0,0,0,11,0,0,0,6,5,12,3,0,15,1,0,6,0,1,0,0,5,0,0,1,2,1
"516",789000,366000,41844,0,22,0,0,108,0,0,0,3,3,0,0,18,0,6,8,0,22,1,0,10,1,0,2,0,0,0,0,0,4,0
"517",789000,406000,40364,0,24,0,4,99,0,0,0,3,1,0,1,20,1,4,11,0,16,0,0,12,1,0,5,0,1,0,0,0,1,0
"518",789000,454000,38588,0,18,0,2,84,1,0,0,9,2,0,3,11,1,7,9,0,23,0,0,4,0,0,2,0,0,0,0,0,0,0
"519",797000,278000,45101,0,3,0,1,145,0,0,0,0,0,0,0,4,1,5,0,0,12,0,0,13,2,0,4,2,0,0,0,0,0,0
"520",797000,430000,39477,0,43,0,1,74,0,0,0,4,0,0,1,23,1,15,5,2,5,0,0,29,0,0,4,0,0,0,0,0,1,0
"521",805000,246000,46286,0,4,0,1,133,0,6,4,0,0,0,1,3,0,5,0,0,18,0,0,28,0,0,7,0,0,0,0,2,0,0
"522",805000,310000,43918,0,9,0,1,132,0,0,0,3,1,0,3,3,0,3,12,0,30,0,0,4,0,0,2,0,3,0,0,0,2,0
"523",805000,334000,43030,0,20,0,1,111,0,0,0,9,1,0,3,14,0,9,2,0,19,0,0,13,1,0,4,0,0,0,0,0,1,0
"524",805000,358000,42142,0,26,0,4,93,0,0,0,18,2,0,1,9,0,5,4,0,36,0,0,6,0,0,2,0,1,0,0,0,1,0
"525",805000,462000,38294,0,21,0,3,72,0,0,0,13,2,0,4,14,0,19,15,0,12,0,0,32,0,1,2,0,1,0,0,0,0,1
"526",805000,550000,35038,0,15,0,8,40,0,0,0,1,5,0,0,16,0,20,11,0,25,0,0,41,0,2,2,0,1,0,0,0,2,1
"527",805000,566000,34446,0,24,0,5,24,2,0,0,0,0,0,1,12,0,3,12,0,13,0,0,84,1,0,1,0,0,2,0,0,1,5
"528",813000,246000,46287,0,7,0,6,99,0,0,8,3,0,0,2,5,1,12,1,0,23,0,0,16,1,0,10,0,0,0,0,0,4,0
"529",813000,270000,45399,0,3,0,3,133,0,10,2,0,2,1,1,3,0,6,1,0,19,0,0,9,1,0,9,4,1,0,0,2,0,0
"530",813000,294000,44511,0,5,0,0,128,0,3,2,0,0,0,0,10,0,8,1,0,19,0,0,10,0,0,6,1,0,0,0,1,0,0
"531",813000,502000,36815,0,25,0,6,72,0,0,0,8,0,0,2,15,0,11,3,0,25,0,0,29,1,0,3,0,0,0,0,0,2,2
"532",813000,558000,34743,0,23,0,1,52,0,0,0,0,0,0,1,10,1,7,11,0,10,0,0,58,1,2,5,0,2,6,0,0,0,6
"533",821000,278000,45104,0,4,0,6,140,1,0,7,0,1,0,1,8,0,3,0,1,9,0,0,1,1,0,4,1,2,0,0,0,0,0
"534",821000,334000,43032,0,21,0,0,78,0,0,0,4,2,0,1,7,0,7,2,0,63,0,0,4,0,0,3,0,0,0,0,0,2,0
"535",821000,382000,41256,0,26,0,2,42,0,1,1,8,0,0,9,21,0,22,12,1,16,0,0,20,2,0,6,0,1,0,0,0,6,6
"536",821000,406000,40368,0,21,0,0,20,0,0,0,9,0,0,9,12,2,30,13,0,16,1,0,60,1,0,1,0,0,0,0,0,1,0
"537",821000,430000,39480,0,24,0,3,89,0,0,0,5,1,0,4,12,1,12,11,1,7,0,0,23,3,0,2,0,0,0,0,3,1,2
"538",821000,526000,35928,0,36,0,1,45,0,0,0,1,5,0,2,20,0,8,9,0,15,0,0,45,3,7,2,0,1,0,0,0,0,2
"539",821000,550000,35040,0,17,0,1,47,0,0,0,4,0,0,2,9,0,9,19,0,13,0,0,70,4,3,0,0,0,6,0,0,0,2
"540",829000,310000,43921,0,7,0,0,53,0,6,14,0,0,0,7,2,0,17,0,0,12,0,0,54,0,0,12,0,2,0,0,2,0,0
"541",829000,326000,43329,0,2,0,0,36,0,0,3,7,0,0,1,4,7,13,5,0,29,0,0,11,1,0,8,0,1,0,0,60,4,0
"542",829000,510000,36521,0,18,0,7,26,0,0,0,1,1,0,1,12,0,15,2,0,6,0,0,75,2,12,1,0,1,1,0,0,2,1
"543",837000,374000,41554,0,10,0,1,49,0,0,0,6,0,0,0,10,0,6,7,0,64,0,0,13,0,0,2,0,0,0,0,0,6,0
"544",837000,462000,38298,0,25,0,4,77,0,0,0,2,0,0,5,15,1,14,17,0,9,0,0,29,1,0,1,0,4,0,0,0,0,0
"545",837000,566000,34450,0,3,0,3,1,0,0,0,0,0,0,0,4,0,12,0,0,1,0,0,170,0,0,1,0,1,6,0,0,0,0
"546",845000,254000,45995,0,10,0,2,30,0,0,4,3,0,0,7,1,0,17,1,0,25,2,0,24,1,0,1,0,1,0,0,0,1,0
"547",845000,406000,40371,0,12,0,0,93,0,0,0,4,0,0,0,13,0,13,2,0,24,0,0,7,0,0,0,0,0,0,0,0,0,0
"548",845000,430000,39483,0,33,0,4,85,0,0,0,5,0,0,1,22,1,16,5,0,17,0,0,17,1,0,1,0,1,0,0,2,1,2
"549",845000,550000,35043,0,27,0,0,113,0,0,0,0,1,0,0,15,0,3,9,0,19,0,0,11,0,3,1,0,0,0,0,0,0,2
"550",853000,302000,44220,0,2,0,0,0,0,0,14,0,0,0,4,3,0,22,4,0,11,0,0,64,0,0,4,0,0,0,0,0,0,0
"551",853000,422000,39780,0,24,0,0,109,0,0,0,4,1,0,2,7,1,15,5,0,21,0,0,22,0,1,0,0,0,0,0,0,0,0
"552",853000,558000,34748,0,11,0,3,29,0,0,0,0,0,0,1,13,0,15,12,0,5,0,0,79,0,3,2,0,1,2,0,0,0,6
"553",861000,342000,42741,0,2,0,0,99,0,0,0,0,1,0,0,5,0,1,0,0,19,0,0,2,0,0,1,0,0,0,0,0,0,0
"554",861000,358000,42149,0,12,0,2,61,0,0,2,0,1,0,0,9,0,9,1,0,20,0,0,4,0,0,3,0,2,0,0,0,0,0
"555",861000,462000,38301,0,33,0,5,56,0,0,0,0,0,0,0,20,0,17,9,0,10,0,0,37,1,0,0,0,1,0,0,0,2,1
"556",861000,486000,37413,0,25,0,11,51,1,0,0,0,1,0,2,20,0,17,7,0,33,0,0,32,1,1,1,0,2,0,0,1,1,3
"557",861000,526000,35933,0,17,0,10,64,0,0,0,6,4,0,4,22,0,11,16,0,21,0,0,26,0,1,2,0,0,0,0,0,1,5
"558",861000,566000,34453,0,28,0,3,40,0,0,0,0,0,0,5,19,0,8,18,0,20,1,0,33,3,6,5,0,0,7,0,0,1,3
